{
    "one": {
        "camera_matrix": [
            [
                482.8528558195684,
                0.0,
                290.811793557593
            ],
            [
                0.0,
                477.2155405328695,
                211.66216199097138
            ],
            [
                0.0,
                0.0,
                1.0
            ]
        ],
        "camera_distortion": [
            [
                0.10920816985054357,
                -0.12109561118830806,
                -0.007055946186606202,
                -0.00018262464346151537,
                -0.07995507888137161
            ]
        ],
        "model": "pinhole"
    },
    "two": {
        "left_camera_matrix": [
            [
                417.50223784007187,
                0.0,
                306.35808109559116
            ],
            [
                0.0,
                418.07701885472864,
                253.00161887481767
            ],
            [
                0.0,
                0.0,
                1.0
            ]
        ],
        "right_camera_matrix": [
            [
                412.434574387343,
                0.0,
                315.29587256143964
            ],
            [
                0.0,
                413.0756149380064,
                254.18874521100312
            ],
            [
                0.0,
                0.0,
                1.0
            ]
        ],
        "left_distortion": [
            [
                -0.009212418774553035,
                -0.06781941995139998,
                -0.0025223337918257927,
                0.0024869727455145854,
                0.09405485627898134
            ]
        ],
        "right_distortion": [
            [
                -0.02725551696913756,
                -0.03632446837099832,
                -0.0028026968005405595,
                0.004213729743328372,
                0.09121452134767535
            ]
        ],
        "R": [
            [
                0.9999848001758969,
                0.001229260602091373,
                -0.005374787023091324
            ],
            [
                -0.0012408379625553885,
                0.999996916305583,
                -0.002151209072953991
            ],
            [
                0.005372126052330337,
                0.0021578456147333925,
                0.9999832418415724
            ]
        ],
        "T": [
            -60.21645133932667,
            0.637701818041355,
            -7.6577886929340195
        ],
        "model": "pinhole"
    },
    "eyeinhand": {
        "RT_camera2end": [
            [
                0.02981917093451436,
                -0.9995407850611825,
                0.005388510374232269,
                0.05240350365043192
            ],
            [
                0.9995450398658855,
                0.029793993976795052,
                -0.004693740769995485,
                -0.0016390362521210978
            ],
            [
                0.004531040088481191,
                0.0055260222751725265,
                0.9999744660507741,
                0.06134824924905609
            ],
            [
                0.0,
                0.0,
                0.0,
                1.0
            ]
        ]
    }
}